"","x","variable","value","panel"
"1",0,"stable.potential",0,"Potential Energy"
"2",7.07070707070707,"stable.potential",1283.75418725884,"Potential Energy"
"3",14.1414141414141,"stable.potential",2583.70135511458,"Potential Energy"
"4",21.2121212121212,"stable.potential",3891.16794368622,"Potential Energy"
"5",28.2828282828283,"stable.potential",5197.7373824537,"Potential Energy"
"6",35.3535353535354,"stable.potential",6495.36684356366,"Potential Energy"
"7",42.4242424242424,"stable.potential",7776.49079118661,"Potential Energy"
"8",49.4949494949495,"stable.potential",9034.1083005718,"Potential Energy"
"9",56.5656565656566,"stable.potential",10261.852112879,"Potential Energy"
"10",63.6363636363636,"stable.potential",11454.0384329562,"Potential Energy"
"11",70.7070707070707,"stable.potential",12605.6974780177,"Potential Energy"
"12",77.7777777777778,"stable.potential",13712.5856713897,"Potential Energy"
"13",84.8484848484848,"stable.potential",14771.1810942406,"Potential Energy"
"14",91.9191919191919,"stable.potential",15778.6643306159,"Potential Energy"
"15",98.989898989899,"stable.potential",16732.8871612177,"Potential Energy"
"16",106.060606060606,"stable.potential",17632.3316923932,"Potential Energy"
"17",113.131313131313,"stable.potential",18476.0624755743,"Potential Energy"
"18",120.20202020202,"stable.potential",19263.674013675,"Potential Energy"
"19",127.272727272727,"stable.potential",19995.2358019374,"Potential Energy"
"20",134.343434343434,"stable.potential",20671.2367469978,"Potential Energy"
"21",141.414141414141,"stable.potential",21292.5304805347,"Potential Energy"
"22",148.484848484848,"stable.potential",21860.2827576391,"Potential Energy"
"23",155.555555555556,"stable.potential",22375.9218233403,"Potential Energy"
"24",162.626262626263,"stable.potential",22841.0923555764,"Potential Energy"
"25",169.69696969697,"stable.potential",23257.6133559985,"Potential Energy"
"26",176.767676767677,"stable.potential",23627.4401636908,"Potential Energy"
"27",183.838383838384,"stable.potential",23952.6306103502,"Potential Energy"
"28",190.909090909091,"stable.potential",24235.3152157233,"Potential Energy"
"29",197.979797979798,"stable.potential",24477.67123491,"Potential Energy"
"30",205.050505050505,"stable.potential",24681.9003096779,"Potential Energy"
"31",212.121212121212,"stable.potential",24850.2094393005,"Potential Energy"
"32",219.191919191919,"stable.potential",24984.7949679761,"Potential Energy"
"33",226.262626262626,"stable.potential",25087.829281424,"Potential Energy"
"34",233.333333333333,"stable.potential",25161.4499111671,"Potential Energy"
"35",240.40404040404,"stable.potential",25207.7507582496,"Potential Energy"
"36",247.474747474747,"stable.potential",25228.7751662499,"Potential Energy"
"37",254.545454545455,"stable.potential",25226.5105944712,"Potential Energy"
"38",261.616161616162,"stable.potential",25202.8846646328,"Potential Energy"
"39",268.686868686869,"stable.potential",25159.7623771321,"Potential Energy"
"40",275.757575757576,"stable.potential",25098.9443151959,"Potential Energy"
"41",282.828282828283,"stable.potential",25022.1656764464,"Potential Energy"
"42",289.89898989899,"stable.potential",24931.0959912259,"Potential Energy"
"43",296.969696969697,"stable.potential",24827.3394052488,"Potential Energy"
"44",304.040404040404,"stable.potential",24712.4354206999,"Potential Energy"
"45",311.111111111111,"stable.potential",24587.860004769,"Potential Energy"
"46",318.181818181818,"stable.potential",24455.0269878445,"Potential Energy"
"47",325.252525252525,"stable.potential",24315.2896852855,"Potential Energy"
"48",332.323232323232,"stable.potential",24169.9426869466,"Potential Energy"
"49",339.393939393939,"stable.potential",24020.2237675782,"Potential Energy"
"50",346.464646464646,"stable.potential",23867.3158789805,"Potential Energy"
"51",353.535353535354,"stable.potential",23712.349191485,"Potential Energy"
"52",360.606060606061,"stable.potential",23556.4031580879,"Potential Energy"
"53",367.676767676768,"stable.potential",23400.5085794747,"Potential Energy"
"54",374.747474747475,"stable.potential",23245.6496523661,"Potential Energy"
"55",381.818181818182,"stable.potential",23092.7659871593,"Potential Energy"
"56",388.888888888889,"stable.potential",22942.7545838442,"Potential Energy"
"57",395.959595959596,"stable.potential",22796.4717576858,"Potential Energy"
"58",403.030303030303,"stable.potential",22654.7350082816,"Potential Energy"
"59",410.10101010101,"stable.potential",22518.3248273519,"Potential Energy"
"60",417.171717171717,"stable.potential",22387.9864420825,"Potential Energy"
"61",424.242424242424,"stable.potential",22264.4314920349,"Potential Energy"
"62",431.313131313131,"stable.potential",22148.3396386195,"Potential Energy"
"63",438.383838383838,"stable.potential",22040.3601069261,"Potential Energy"
"64",445.454545454545,"stable.potential",21941.1131603423,"Potential Energy"
"65",452.525252525253,"stable.potential",21851.1915089036,"Potential Energy"
"66",459.59595959596,"stable.potential",21771.1616527151,"Potential Energy"
"67",466.666666666667,"stable.potential",21701.5651620924,"Potential Energy"
"68",473.737373737374,"stable.potential",21642.9198963016,"Potential Energy"
"69",480.808080808081,"stable.potential",21595.7211629429,"Potential Energy"
"70",487.878787878788,"stable.potential",21560.4428201406,"Potential Energy"
"71",494.949494949495,"stable.potential",21537.5383237704,"Potential Energy"
"72",502.020202020202,"stable.potential",21527.441721996,"Potential Energy"
"73",509.090909090909,"stable.potential",21530.5685993925,"Potential Energy"
"74",516.161616161616,"stable.potential",21547.3169729231,"Potential Energy"
"75",523.232323232323,"stable.potential",21578.0681420008,"Potential Energy"
"76",530.30303030303,"stable.potential",21623.1874948239,"Potential Energy"
"77",537.373737373737,"stable.potential",21683.0252731151,"Potential Energy"
"78",544.444444444444,"stable.potential",21757.9172973311,"Potential Energy"
"79",551.515151515152,"stable.potential",21848.1856543373,"Potential Energy"
"80",558.585858585859,"stable.potential",21954.1393494695,"Potential Energy"
"81",565.656565656566,"stable.potential",22076.0749248257,"Potential Energy"
"82",572.727272727273,"stable.potential",22214.2770455552,"Potential Energy"
"83",579.79797979798,"stable.potential",22369.0190558307,"Potential Energy"
"84",586.868686868687,"stable.potential",22540.5635061142,"Potential Energy"
"85",593.939393939394,"stable.potential",22729.1626532485,"Potential Energy"
"86",601.010101010101,"stable.potential",22935.0589348323,"Potential Energy"
"87",608.080808080808,"stable.potential",23158.4854192628,"Potential Energy"
"88",615.151515151515,"stable.potential",23399.6662327597,"Potential Energy"
"89",622.222222222222,"stable.potential",23658.8169646159,"Potential Energy"
"90",629.292929292929,"stable.potential",23936.1450518534,"Potential Energy"
"91",636.363636363636,"stable.potential",24231.850144403,"Potential Energy"
"92",643.434343434343,"stable.potential",24546.1244518612,"Potential Energy"
"93",650.505050505051,"stable.potential",24879.1530728255,"Potential Energy"
"94",657.575757575758,"stable.potential",25231.1143077508,"Potential Energy"
"95",664.646464646465,"stable.potential",25602.1799562184,"Potential Energy"
"96",671.717171717172,"stable.potential",25992.5155994613,"Potential Energy"
"97",678.787878787879,"stable.potential",26402.2808689395,"Potential Energy"
"98",685.858585858586,"stable.potential",26831.6297017178,"Potential Energy"
"99",692.929292929293,"stable.potential",27280.7105833535,"Potential Energy"
"100",700,"stable.potential",27749.6667789641,"Potential Energy"
"101",0,"deteriorating",0,"Potential Energy"
"102",7.07070707070707,"deteriorating",1354.46125796591,"Potential Energy"
"103",14.1414141414141,"deteriorating",2725.11549652872,"Potential Energy"
"104",21.2121212121212,"deteriorating",4103.28915580743,"Potential Energy"
"105",28.2828282828283,"deteriorating",5480.56566528199,"Potential Energy"
"106",35.3535353535354,"deteriorating",6848.90219709902,"Potential Energy"
"107",42.4242424242424,"deteriorating",8200.73321542903,"Potential Energy"
"108",49.4949494949495,"deteriorating",9529.05779552129,"Potential Energy"
"109",56.5656565656566,"deteriorating",10827.5086785355,"Potential Energy"
"110",63.6363636363636,"deteriorating",12090.4020693198,"Potential Energy"
"111",70.7070707070707,"deteriorating",13312.7681850884,"Potential Energy"
"112",77.7777777777778,"deteriorating",14490.3634491675,"Potential Energy"
"113",84.8484848484848,"deteriorating",15619.6659427255,"Potential Energy"
"114",91.9191919191919,"deteriorating",16697.8562498078,"Potential Energy"
"115",98.989898989899,"deteriorating",17722.7861511167,"Potential Energy"
"116",106.060606060606,"deteriorating",18692.9377529993,"Potential Energy"
"117",113.131313131313,"deteriorating",19607.3756068874,"Potential Energy"
"118",120.20202020202,"deteriorating",20465.6942156952,"Potential Energy"
"119",127.272727272727,"deteriorating",21267.9630746647,"Potential Energy"
"120",134.343434343434,"deteriorating",22014.6710904322,"Potential Energy"
"121",141.414141414141,"deteriorating",22706.6718946761,"Potential Energy"
"122",148.484848484848,"deteriorating",23345.1312424876,"Potential Energy"
"123",155.555555555556,"deteriorating",23931.4773788958,"Potential Energy"
"124",162.626262626263,"deteriorating",24467.354981839,"Potential Energy"
"125",169.69696969697,"deteriorating",24954.5830529682,"Potential Energy"
"126",176.767676767677,"deteriorating",25395.1169313676,"Potential Energy"
"127",183.838383838384,"deteriorating",25791.014448734,"Potential Energy"
"128",190.909090909091,"deteriorating",26144.4061248142,"Potential Energy"
"129",197.979797979798,"deteriorating",26457.469214708,"Potential Energy"
"130",205.050505050505,"deteriorating",26732.405360183,"Potential Energy"
"131",212.121212121212,"deteriorating",26971.4215605127,"Potential Energy"
"132",219.191919191919,"deteriorating",27176.7141598953,"Potential Energy"
"133",226.262626262626,"deteriorating",27350.4555440503,"Potential Energy"
"134",233.333333333333,"deteriorating",27494.7832445004,"Potential Energy"
"135",240.40404040404,"deteriorating",27611.79116229,"Potential Energy"
"136",247.474747474747,"deteriorating",27703.5226409974,"Potential Energy"
"137",254.545454545455,"deteriorating",27771.9651399258,"Potential Energy"
"138",261.616161616162,"deteriorating",27819.0462807944,"Potential Energy"
"139",268.686868686869,"deteriorating",27846.6310640008,"Potential Energy"
"140",275.757575757576,"deteriorating",27856.5200727717,"Potential Energy"
"141",282.828282828283,"deteriorating",27850.4485047292,"Potential Energy"
"142",289.89898989899,"deteriorating",27830.0858902158,"Potential Energy"
"143",296.969696969697,"deteriorating",27797.0363749457,"Potential Energy"
"144",304.040404040404,"deteriorating",27752.8394611039,"Potential Energy"
"145",311.111111111111,"deteriorating",27698.9711158801,"Potential Energy"
"146",318.181818181818,"deteriorating",27636.8451696627,"Potential Energy"
"147",325.252525252525,"deteriorating",27567.8149378108,"Potential Energy"
"148",332.323232323232,"deteriorating",27493.1750101789,"Potential Energy"
"149",339.393939393939,"deteriorating",27414.1631615176,"Potential Energy"
"150",346.464646464646,"deteriorating",27331.962343627,"Potential Energy"
"151",353.535353535354,"deteriorating",27247.7027268386,"Potential Energy"
"152",360.606060606061,"deteriorating",27162.4637641485,"Potential Energy"
"153",367.676767676768,"deteriorating",27077.2762562424,"Potential Energy"
"154",374.747474747475,"deteriorating",26993.1243998408,"Potential Energy"
"155",381.818181818182,"deteriorating",26910.9478053411,"Potential Energy"
"156",388.888888888889,"deteriorating",26831.6434727331,"Potential Energy"
"157",395.959595959596,"deteriorating",26756.0677172818,"Potential Energy"
"158",403.030303030303,"deteriorating",26685.0380385847,"Potential Energy"
"159",410.10101010101,"deteriorating",26619.334928362,"Potential Energy"
"160",417.171717171717,"deteriorating",26559.7036137996,"Potential Energy"
"161",424.242424242424,"deteriorating",26506.8557344591,"Potential Energy"
"162",431.313131313131,"deteriorating",26461.4709517508,"Potential Energy"
"163",438.383838383838,"deteriorating",26424.1984907645,"Potential Energy"
"164",445.454545454545,"deteriorating",26395.6586148877,"Potential Energy"
"165",452.525252525253,"deteriorating",26376.4440341561,"Potential Energy"
"166",459.59595959596,"deteriorating",26367.1212486747,"Potential Energy"
"167",466.666666666667,"deteriorating",26368.2318287591,"Potential Energy"
"168",473.737373737374,"deteriorating",26380.2936336753,"Potential Energy"
"169",480.808080808081,"deteriorating",26403.8019710237,"Potential Energy"
"170",487.878787878788,"deteriorating",26439.2306989285,"Potential Energy"
"171",494.949494949495,"deteriorating",26487.0332732653,"Potential Energy"
"172",502.020202020202,"deteriorating",26547.643742198,"Potential Energy"
"173",509.090909090909,"deteriorating",26621.4776903016,"Potential Energy"
"174",516.161616161616,"deteriorating",26708.9331345393,"Potential Energy"
"175",523.232323232323,"deteriorating",26810.3913743241,"Potential Energy"
"176",530.30303030303,"deteriorating",26926.2177978542,"Potential Energy"
"177",537.373737373737,"deteriorating",27056.7626468525,"Potential Energy"
"178",544.444444444444,"deteriorating",27202.3617417755,"Potential Energy"
"179",551.515151515152,"deteriorating",27363.3371694889,"Potential Energy"
"180",558.585858585859,"deteriorating",27539.9979353281,"Potential Energy"
"181",565.656565656566,"deteriorating",27732.6405813914,"Potential Energy"
"182",572.727272727273,"deteriorating",27941.5497728279,"Potential Energy"
"183",579.79797979798,"deteriorating",28166.9988538105,"Potential Energy"
"184",586.868686868687,"deteriorating",28409.250374801,"Potential Energy"
"185",593.939393939394,"deteriorating",28668.5565926424,"Potential Energy"
"186",601.010101010101,"deteriorating",28945.1599449333,"Potential Energy"
"187",608.080808080808,"deteriorating",29239.2935000708,"Potential Energy"
"188",615.151515151515,"deteriorating",29551.1813842749,"Potential Energy"
"189",622.222222222222,"deteriorating",29881.0391868381,"Potential Energy"
"190",629.292929292929,"deteriorating",30229.0743447827,"Potential Energy"
"191",636.363636363636,"deteriorating",30595.4865080394,"Potential Energy"
"192",643.434343434343,"deteriorating",30980.4678862046,"Potential Energy"
"193",650.505050505051,"deteriorating",31384.203577876,"Potential Energy"
"194",657.575757575758,"deteriorating",31806.8718835084,"Potential Energy"
"195",664.646464646465,"deteriorating",32248.644602683,"Potential Energy"
"196",671.717171717172,"deteriorating",32709.687316633,"Potential Energy"
"197",678.787878787879,"deteriorating",33190.1596568183,"Potential Energy"
"198",685.858585858586,"deteriorating",33690.2155603037,"Potential Energy"
"199",692.929292929293,"deteriorating",34210.0035126464,"Potential Energy"
"200",700,"deteriorating",34749.6667789641,"Potential Energy"
"201",0,"critical",0,"Potential Energy"
"202",7.07070707070707,"critical",1425.16832867298,"Potential Energy"
"203",14.1414141414141,"critical",2866.52963794286,"Potential Energy"
"204",21.2121212121212,"critical",4315.41036792864,"Potential Energy"
"205",28.2828282828283,"critical",5763.39394811027,"Potential Energy"
"206",35.3535353535354,"critical",7202.43755063437,"Potential Energy"
"207",42.4242424242424,"critical",8624.97563967146,"Potential Energy"
"208",49.4949494949495,"critical",10024.0072904708,"Potential Energy"
"209",56.5656565656566,"critical",11393.1652441921,"Potential Energy"
"210",63.6363636363636,"critical",12726.7657056834,"Potential Energy"
"211",70.7070707070707,"critical",14019.8388921591,"Potential Energy"
"212",77.7777777777778,"critical",15268.1412269453,"Potential Energy"
"213",84.8484848484848,"critical",16468.1507912103,"Potential Energy"
"214",91.9191919191919,"critical",17617.0481689997,"Potential Energy"
"215",98.989898989899,"critical",18712.6851410157,"Potential Energy"
"216",106.060606060606,"critical",19753.5438136053,"Potential Energy"
"217",113.131313131313,"critical",20738.6887382005,"Potential Energy"
"218",120.20202020202,"critical",21667.7144177154,"Potential Energy"
"219",127.272727272727,"critical",22540.690347392,"Potential Energy"
"220",134.343434343434,"critical",23358.1054338665,"Potential Energy"
"221",141.414141414141,"critical",24120.8133088175,"Potential Energy"
"222",148.484848484848,"critical",24829.979727336,"Potential Energy"
"223",155.555555555556,"critical",25487.0329344514,"Potential Energy"
"224",162.626262626263,"critical",26093.6176081017,"Potential Energy"
"225",169.69696969697,"critical",26651.5527499379,"Potential Energy"
"226",176.767676767677,"critical",27162.7936990444,"Potential Energy"
"227",183.838383838384,"critical",27629.3982871179,"Potential Energy"
"228",190.909090909091,"critical",28053.4970339052,"Potential Energy"
"229",197.979797979798,"critical",28437.267194506,"Potential Energy"
"230",205.050505050505,"critical",28782.910410688,"Potential Energy"
"231",212.121212121212,"critical",29092.6336817248,"Potential Energy"
"232",219.191919191919,"critical",29368.6333518145,"Potential Energy"
"233",226.262626262626,"critical",29613.0818066765,"Potential Energy"
"234",233.333333333333,"critical",29828.1165778337,"Potential Energy"
"235",240.40404040404,"critical",30015.8315663304,"Potential Energy"
"236",247.474747474747,"critical",30178.2701157449,"Potential Energy"
"237",254.545454545455,"critical",30317.4196853803,"Potential Energy"
"238",261.616161616162,"critical",30435.207896956,"Potential Energy"
"239",268.686868686869,"critical",30533.4997508695,"Potential Energy"
"240",275.757575757576,"critical",30614.0958303474,"Potential Energy"
"241",282.828282828283,"critical",30678.7313330121,"Potential Energy"
"242",289.89898989899,"critical",30729.0757892057,"Potential Energy"
"243",296.969696969697,"critical",30766.7333446427,"Potential Energy"
"244",304.040404040404,"critical",30793.2435015079,"Potential Energy"
"245",311.111111111111,"critical",30810.0822269912,"Potential Energy"
"246",318.181818181818,"critical",30818.6633514809,"Potential Energy"
"247",325.252525252525,"critical",30820.340190336,"Potential Energy"
"248",332.323232323232,"critical",30816.4073334113,"Potential Energy"
"249",339.393939393939,"critical",30808.102555457,"Potential Energy"
"250",346.464646464646,"critical",30796.6088082734,"Potential Energy"
"251",353.535353535354,"critical",30783.0562621921,"Potential Energy"
"252",360.606060606061,"critical",30768.5243702091,"Potential Energy"
"253",367.676767676768,"critical",30754.0439330101,"Potential Energy"
"254",374.747474747475,"critical",30740.5991473156,"Potential Energy"
"255",381.818181818182,"critical",30729.129623523,"Potential Energy"
"256",388.888888888889,"critical",30720.532361622,"Potential Energy"
"257",395.959595959596,"critical",30715.6636768778,"Potential Energy"
"258",403.030303030303,"critical",30715.3410688877,"Potential Energy"
"259",410.10101010101,"critical",30720.3450293721,"Potential Energy"
"260",417.171717171717,"critical",30731.4207855168,"Potential Energy"
"261",424.242424242424,"critical",30749.2799768833,"Potential Energy"
"262",431.313131313131,"critical",30774.6022648821,"Potential Energy"
"263",438.383838383838,"critical",30808.0368746029,"Potential Energy"
"264",445.454545454545,"critical",30850.2040694332,"Potential Energy"
"265",452.525252525253,"critical",30901.6965594086,"Potential Energy"
"266",459.59595959596,"critical",30963.0808446343,"Potential Energy"
"267",466.666666666667,"critical",31034.8984954258,"Potential Energy"
"268",473.737373737374,"critical",31117.667371049,"Potential Energy"
"269",480.808080808081,"critical",31211.8827791045,"Potential Energy"
"270",487.878787878788,"critical",31318.0185777163,"Potential Energy"
"271",494.949494949495,"critical",31436.5282227603,"Potential Energy"
"272",502.020202020202,"critical",31567.8457624,"Potential Energy"
"273",509.090909090909,"critical",31712.3867812107,"Potential Energy"
"274",516.161616161616,"critical",31870.5492961555,"Potential Energy"
"275",523.232323232323,"critical",32042.7146066473,"Potential Energy"
"276",530.30303030303,"critical",32229.2481008845,"Potential Energy"
"277",537.373737373737,"critical",32430.5000205898,"Potential Energy"
"278",544.444444444444,"critical",32646.80618622,"Potential Energy"
"279",551.515151515152,"critical",32878.4886846404,"Potential Energy"
"280",558.585858585859,"critical",33125.8565211867,"Potential Energy"
"281",565.656565656566,"critical",33389.206237957,"Potential Energy"
"282",572.727272727273,"critical",33668.8225001007,"Potential Energy"
"283",579.79797979798,"critical",33964.9786517903,"Potential Energy"
"284",586.868686868687,"critical",34277.9372434879,"Potential Energy"
"285",593.939393939394,"critical",34607.9505320363,"Potential Energy"
"286",601.010101010101,"critical",34955.2609550343,"Potential Energy"
"287",608.080808080808,"critical",35320.1015808789,"Potential Energy"
"288",615.151515151515,"critical",35702.69653579,"Potential Energy"
"289",622.222222222222,"critical",36103.2614090603,"Potential Energy"
"290",629.292929292929,"critical",36522.003637712,"Potential Energy"
"291",636.363636363636,"critical",36959.1228716757,"Potential Energy"
"292",643.434343434343,"critical",37414.8113205481,"Potential Energy"
"293",650.505050505051,"critical",37889.2540829265,"Potential Energy"
"294",657.575757575758,"critical",38382.629459266,"Potential Energy"
"295",664.646464646465,"critical",38895.1092491477,"Potential Energy"
"296",671.717171717172,"critical",39426.8590338047,"Potential Energy"
"297",678.787878787879,"critical",39978.0384446971,"Potential Energy"
"298",685.858585858586,"critical",40548.8014188895,"Potential Energy"
"299",692.929292929293,"critical",41139.2964419393,"Potential Energy"
"300",700,"critical",41749.6667789641,"Potential Energy"
"301",500,NA,19000,"Time of Sample Trajectory"
"302",513,NA,19024.6710526316,"Time of Sample Trajectory"
"303",515,NA,19049.3421052632,"Time of Sample Trajectory"
"304",529,NA,19074.0131578947,"Time of Sample Trajectory"
"305",532,NA,19098.6842105263,"Time of Sample Trajectory"
"306",540,NA,19123.3552631579,"Time of Sample Trajectory"
"307",551,NA,19148.0263157895,"Time of Sample Trajectory"
"308",560,NA,19172.6973684211,"Time of Sample Trajectory"
"309",579,NA,19197.3684210526,"Time of Sample Trajectory"
"310",572,NA,19222.0394736842,"Time of Sample Trajectory"
"311",579,NA,19246.7105263158,"Time of Sample Trajectory"
"312",576,NA,19271.3815789474,"Time of Sample Trajectory"
"313",561,NA,19296.0526315789,"Time of Sample Trajectory"
"314",554,NA,19320.7236842105,"Time of Sample Trajectory"
"315",562,NA,19345.3947368421,"Time of Sample Trajectory"
"316",559,NA,19370.0657894737,"Time of Sample Trajectory"
"317",543,NA,19394.7368421053,"Time of Sample Trajectory"
"318",552,NA,19419.4078947368,"Time of Sample Trajectory"
"319",558,NA,19444.0789473684,"Time of Sample Trajectory"
"320",556,NA,19468.75,"Time of Sample Trajectory"
"321",550,NA,19493.4210526316,"Time of Sample Trajectory"
"322",547,NA,19518.0921052632,"Time of Sample Trajectory"
"323",560,NA,19542.7631578947,"Time of Sample Trajectory"
"324",567,NA,19567.4342105263,"Time of Sample Trajectory"
"325",568,NA,19592.1052631579,"Time of Sample Trajectory"
"326",578,NA,19616.7763157895,"Time of Sample Trajectory"
"327",584,NA,19641.4473684211,"Time of Sample Trajectory"
"328",587,NA,19666.1184210526,"Time of Sample Trajectory"
"329",595,NA,19690.7894736842,"Time of Sample Trajectory"
"330",596,NA,19715.4605263158,"Time of Sample Trajectory"
"331",583,NA,19740.1315789474,"Time of Sample Trajectory"
"332",588,NA,19764.8026315789,"Time of Sample Trajectory"
"333",584,NA,19789.4736842105,"Time of Sample Trajectory"
"334",578,NA,19814.1447368421,"Time of Sample Trajectory"
"335",570,NA,19838.8157894737,"Time of Sample Trajectory"
"336",562,NA,19863.4868421053,"Time of Sample Trajectory"
"337",558,NA,19888.1578947368,"Time of Sample Trajectory"
"338",566,NA,19912.8289473684,"Time of Sample Trajectory"
"339",573,NA,19937.5,"Time of Sample Trajectory"
"340",574,NA,19962.1710526316,"Time of Sample Trajectory"
"341",554,NA,19986.8421052632,"Time of Sample Trajectory"
"342",549,NA,20011.5131578947,"Time of Sample Trajectory"
"343",549,NA,20036.1842105263,"Time of Sample Trajectory"
"344",551,NA,20060.8552631579,"Time of Sample Trajectory"
"345",561,NA,20085.5263157895,"Time of Sample Trajectory"
"346",572,NA,20110.1973684211,"Time of Sample Trajectory"
"347",560,NA,20134.8684210526,"Time of Sample Trajectory"
"348",569,NA,20159.5394736842,"Time of Sample Trajectory"
"349",558,NA,20184.2105263158,"Time of Sample Trajectory"
"350",548,NA,20208.8815789474,"Time of Sample Trajectory"
"351",545,NA,20233.5526315789,"Time of Sample Trajectory"
"352",532,NA,20258.2236842105,"Time of Sample Trajectory"
"353",539,NA,20282.8947368421,"Time of Sample Trajectory"
"354",517,NA,20307.5657894737,"Time of Sample Trajectory"
"355",512,NA,20332.2368421053,"Time of Sample Trajectory"
"356",507,NA,20356.9078947368,"Time of Sample Trajectory"
"357",505,NA,20381.5789473684,"Time of Sample Trajectory"
"358",506,NA,20406.25,"Time of Sample Trajectory"
"359",511,NA,20430.9210526316,"Time of Sample Trajectory"
"360",506,NA,20455.5921052632,"Time of Sample Trajectory"
"361",510,NA,20480.2631578947,"Time of Sample Trajectory"
"362",512,NA,20504.9342105263,"Time of Sample Trajectory"
"363",529,NA,20529.6052631579,"Time of Sample Trajectory"
"364",543,NA,20554.2763157895,"Time of Sample Trajectory"
"365",535,NA,20578.9473684211,"Time of Sample Trajectory"
"366",534,NA,20603.6184210526,"Time of Sample Trajectory"
"367",531,NA,20628.2894736842,"Time of Sample Trajectory"
"368",531,NA,20652.9605263158,"Time of Sample Trajectory"
"369",529,NA,20677.6315789474,"Time of Sample Trajectory"
"370",523,NA,20702.3026315789,"Time of Sample Trajectory"
"371",523,NA,20726.9736842105,"Time of Sample Trajectory"
"372",520,NA,20751.6447368421,"Time of Sample Trajectory"
"373",527,NA,20776.3157894737,"Time of Sample Trajectory"
"374",532,NA,20800.9868421053,"Time of Sample Trajectory"
"375",531,NA,20825.6578947368,"Time of Sample Trajectory"
"376",533,NA,20850.3289473684,"Time of Sample Trajectory"
"377",524,NA,20875,"Time of Sample Trajectory"
"378",532,NA,20899.6710526316,"Time of Sample Trajectory"
"379",550,NA,20924.3421052632,"Time of Sample Trajectory"
"380",544,NA,20949.0131578947,"Time of Sample Trajectory"
"381",539,NA,20973.6842105263,"Time of Sample Trajectory"
"382",547,NA,20998.3552631579,"Time of Sample Trajectory"
"383",547,NA,21023.0263157895,"Time of Sample Trajectory"
"384",539,NA,21047.6973684211,"Time of Sample Trajectory"
"385",529,NA,21072.3684210526,"Time of Sample Trajectory"
"386",517,NA,21097.0394736842,"Time of Sample Trajectory"
"387",498,NA,21121.7105263158,"Time of Sample Trajectory"
"388",510,NA,21146.3815789474,"Time of Sample Trajectory"
"389",498,NA,21171.0526315789,"Time of Sample Trajectory"
"390",514,NA,21195.7236842105,"Time of Sample Trajectory"
"391",497,NA,21220.3947368421,"Time of Sample Trajectory"
"392",483,NA,21245.0657894737,"Time of Sample Trajectory"
"393",473,NA,21269.7368421053,"Time of Sample Trajectory"
"394",470,NA,21294.4078947368,"Time of Sample Trajectory"
"395",463,NA,21319.0789473684,"Time of Sample Trajectory"
"396",462,NA,21343.75,"Time of Sample Trajectory"
"397",459,NA,21368.4210526316,"Time of Sample Trajectory"
"398",452,NA,21393.0921052632,"Time of Sample Trajectory"
"399",447,NA,21417.7631578947,"Time of Sample Trajectory"
"400",445,NA,21442.4342105263,"Time of Sample Trajectory"
"401",453,NA,21467.1052631579,"Time of Sample Trajectory"
"402",445,NA,21491.7763157895,"Time of Sample Trajectory"
"403",450,NA,21516.4473684211,"Time of Sample Trajectory"
"404",450,NA,21541.1184210526,"Time of Sample Trajectory"
"405",450,NA,21565.7894736842,"Time of Sample Trajectory"
"406",467,NA,21590.4605263158,"Time of Sample Trajectory"
"407",466,NA,21615.1315789474,"Time of Sample Trajectory"
"408",454,NA,21639.8026315789,"Time of Sample Trajectory"
"409",458,NA,21664.4736842105,"Time of Sample Trajectory"
"410",462,NA,21689.1447368421,"Time of Sample Trajectory"
"411",467,NA,21713.8157894737,"Time of Sample Trajectory"
"412",466,NA,21738.4868421053,"Time of Sample Trajectory"
"413",449,NA,21763.1578947368,"Time of Sample Trajectory"
"414",444,NA,21787.8289473684,"Time of Sample Trajectory"
"415",459,NA,21812.5,"Time of Sample Trajectory"
"416",455,NA,21837.1710526316,"Time of Sample Trajectory"
"417",454,NA,21861.8421052632,"Time of Sample Trajectory"
"418",447,NA,21886.5131578947,"Time of Sample Trajectory"
"419",442,NA,21911.1842105263,"Time of Sample Trajectory"
"420",423,NA,21935.8552631579,"Time of Sample Trajectory"
"421",442,NA,21960.5263157895,"Time of Sample Trajectory"
"422",453,NA,21985.1973684211,"Time of Sample Trajectory"
"423",450,NA,22009.8684210526,"Time of Sample Trajectory"
"424",451,NA,22034.5394736842,"Time of Sample Trajectory"
"425",442,NA,22059.2105263158,"Time of Sample Trajectory"
"426",434,NA,22083.8815789474,"Time of Sample Trajectory"
"427",449,NA,22108.5526315789,"Time of Sample Trajectory"
"428",444,NA,22133.2236842105,"Time of Sample Trajectory"
"429",452,NA,22157.8947368421,"Time of Sample Trajectory"
"430",458,NA,22182.5657894737,"Time of Sample Trajectory"
"431",465,NA,22207.2368421053,"Time of Sample Trajectory"
"432",468,NA,22231.9078947368,"Time of Sample Trajectory"
"433",472,NA,22256.5789473684,"Time of Sample Trajectory"
"434",481,NA,22281.25,"Time of Sample Trajectory"
"435",463,NA,22305.9210526316,"Time of Sample Trajectory"
"436",462,NA,22330.5921052632,"Time of Sample Trajectory"
"437",473,NA,22355.2631578947,"Time of Sample Trajectory"
"438",488,NA,22379.9342105263,"Time of Sample Trajectory"
"439",485,NA,22404.6052631579,"Time of Sample Trajectory"
"440",480,NA,22429.2763157895,"Time of Sample Trajectory"
"441",487,NA,22453.9473684211,"Time of Sample Trajectory"
"442",483,NA,22478.6184210526,"Time of Sample Trajectory"
"443",485,NA,22503.2894736842,"Time of Sample Trajectory"
"444",480,NA,22527.9605263158,"Time of Sample Trajectory"
"445",460,NA,22552.6315789474,"Time of Sample Trajectory"
"446",446,NA,22577.3026315789,"Time of Sample Trajectory"
"447",440,NA,22601.9736842105,"Time of Sample Trajectory"
"448",451,NA,22626.6447368421,"Time of Sample Trajectory"
"449",442,NA,22651.3157894737,"Time of Sample Trajectory"
"450",443,NA,22675.9868421053,"Time of Sample Trajectory"
"451",449,NA,22700.6578947368,"Time of Sample Trajectory"
"452",441,NA,22725.3289473684,"Time of Sample Trajectory"
"453",436,NA,22750,"Time of Sample Trajectory"
"454",436,NA,22774.6710526316,"Time of Sample Trajectory"
"455",453,NA,22799.3421052632,"Time of Sample Trajectory"
"456",455,NA,22824.0131578947,"Time of Sample Trajectory"
"457",464,NA,22848.6842105263,"Time of Sample Trajectory"
"458",464,NA,22873.3552631579,"Time of Sample Trajectory"
"459",459,NA,22898.0263157895,"Time of Sample Trajectory"
"460",466,NA,22922.6973684211,"Time of Sample Trajectory"
"461",460,NA,22947.3684210526,"Time of Sample Trajectory"
"462",444,NA,22972.0394736842,"Time of Sample Trajectory"
"463",430,NA,22996.7105263158,"Time of Sample Trajectory"
"464",429,NA,23021.3815789474,"Time of Sample Trajectory"
"465",436,NA,23046.0526315789,"Time of Sample Trajectory"
"466",447,NA,23070.7236842105,"Time of Sample Trajectory"
"467",449,NA,23095.3947368421,"Time of Sample Trajectory"
"468",452,NA,23120.0657894737,"Time of Sample Trajectory"
"469",443,NA,23144.7368421053,"Time of Sample Trajectory"
"470",445,NA,23169.4078947368,"Time of Sample Trajectory"
"471",437,NA,23194.0789473684,"Time of Sample Trajectory"
"472",432,NA,23218.75,"Time of Sample Trajectory"
"473",422,NA,23243.4210526316,"Time of Sample Trajectory"
"474",422,NA,23268.0921052632,"Time of Sample Trajectory"
"475",419,NA,23292.7631578947,"Time of Sample Trajectory"
"476",431,NA,23317.4342105263,"Time of Sample Trajectory"
"477",424,NA,23342.1052631579,"Time of Sample Trajectory"
"478",398,NA,23366.7763157895,"Time of Sample Trajectory"
"479",407,NA,23391.4473684211,"Time of Sample Trajectory"
"480",398,NA,23416.1184210526,"Time of Sample Trajectory"
"481",384,NA,23440.7894736842,"Time of Sample Trajectory"
"482",386,NA,23465.4605263158,"Time of Sample Trajectory"
"483",376,NA,23490.1315789474,"Time of Sample Trajectory"
"484",385,NA,23514.8026315789,"Time of Sample Trajectory"
"485",380,NA,23539.4736842105,"Time of Sample Trajectory"
"486",381,NA,23564.1447368421,"Time of Sample Trajectory"
"487",380,NA,23588.8157894737,"Time of Sample Trajectory"
"488",387,NA,23613.4868421053,"Time of Sample Trajectory"
"489",394,NA,23638.1578947368,"Time of Sample Trajectory"
"490",385,NA,23662.8289473684,"Time of Sample Trajectory"
"491",371,NA,23687.5,"Time of Sample Trajectory"
"492",368,NA,23712.1710526316,"Time of Sample Trajectory"
"493",370,NA,23736.8421052632,"Time of Sample Trajectory"
"494",360,NA,23761.5131578947,"Time of Sample Trajectory"
"495",355,NA,23786.1842105263,"Time of Sample Trajectory"
"496",366,NA,23810.8552631579,"Time of Sample Trajectory"
"497",376,NA,23835.5263157895,"Time of Sample Trajectory"
"498",374,NA,23860.1973684211,"Time of Sample Trajectory"
"499",382,NA,23884.8684210526,"Time of Sample Trajectory"
"500",396,NA,23909.5394736842,"Time of Sample Trajectory"
"501",400,NA,23934.2105263158,"Time of Sample Trajectory"
"502",407,NA,23958.8815789474,"Time of Sample Trajectory"
"503",427,NA,23983.5526315789,"Time of Sample Trajectory"
"504",431,NA,24008.2236842105,"Time of Sample Trajectory"
"505",429,NA,24032.8947368421,"Time of Sample Trajectory"
"506",436,NA,24057.5657894737,"Time of Sample Trajectory"
"507",432,NA,24082.2368421053,"Time of Sample Trajectory"
"508",437,NA,24106.9078947368,"Time of Sample Trajectory"
"509",446,NA,24131.5789473684,"Time of Sample Trajectory"
"510",455,NA,24156.25,"Time of Sample Trajectory"
"511",458,NA,24180.9210526316,"Time of Sample Trajectory"
"512",454,NA,24205.5921052632,"Time of Sample Trajectory"
"513",451,NA,24230.2631578947,"Time of Sample Trajectory"
"514",441,NA,24254.9342105263,"Time of Sample Trajectory"
"515",431,NA,24279.6052631579,"Time of Sample Trajectory"
"516",425,NA,24304.2763157895,"Time of Sample Trajectory"
"517",440,NA,24328.9473684211,"Time of Sample Trajectory"
"518",437,NA,24353.6184210526,"Time of Sample Trajectory"
"519",450,NA,24378.2894736842,"Time of Sample Trajectory"
"520",439,NA,24402.9605263158,"Time of Sample Trajectory"
"521",431,NA,24427.6315789474,"Time of Sample Trajectory"
"522",436,NA,24452.3026315789,"Time of Sample Trajectory"
"523",425,NA,24476.9736842105,"Time of Sample Trajectory"
"524",423,NA,24501.6447368421,"Time of Sample Trajectory"
"525",429,NA,24526.3157894737,"Time of Sample Trajectory"
"526",425,NA,24550.9868421053,"Time of Sample Trajectory"
"527",425,NA,24575.6578947368,"Time of Sample Trajectory"
"528",447,NA,24600.3289473684,"Time of Sample Trajectory"
"529",440,NA,24625,"Time of Sample Trajectory"
"530",427,NA,24649.6710526316,"Time of Sample Trajectory"
"531",415,NA,24674.3421052632,"Time of Sample Trajectory"
"532",408,NA,24699.0131578947,"Time of Sample Trajectory"
"533",413,NA,24723.6842105263,"Time of Sample Trajectory"
"534",403,NA,24748.3552631579,"Time of Sample Trajectory"
"535",403,NA,24773.0263157895,"Time of Sample Trajectory"
"536",410,NA,24797.6973684211,"Time of Sample Trajectory"
"537",396,NA,24822.3684210526,"Time of Sample Trajectory"
"538",406,NA,24847.0394736842,"Time of Sample Trajectory"
"539",404,NA,24871.7105263158,"Time of Sample Trajectory"
"540",406,NA,24896.3815789474,"Time of Sample Trajectory"
"541",406,NA,24921.0526315789,"Time of Sample Trajectory"
"542",428,NA,24945.7236842105,"Time of Sample Trajectory"
"543",413,NA,24970.3947368421,"Time of Sample Trajectory"
"544",425,NA,24995.0657894737,"Time of Sample Trajectory"
"545",432,NA,25019.7368421053,"Time of Sample Trajectory"
"546",417,NA,25044.4078947368,"Time of Sample Trajectory"
"547",426,NA,25069.0789473684,"Time of Sample Trajectory"
"548",425,NA,25093.75,"Time of Sample Trajectory"
"549",426,NA,25118.4210526316,"Time of Sample Trajectory"
"550",442,NA,25143.0921052632,"Time of Sample Trajectory"
"551",442,NA,25167.7631578947,"Time of Sample Trajectory"
"552",447,NA,25192.4342105263,"Time of Sample Trajectory"
"553",441,NA,25217.1052631579,"Time of Sample Trajectory"
"554",436,NA,25241.7763157895,"Time of Sample Trajectory"
"555",430,NA,25266.4473684211,"Time of Sample Trajectory"
"556",429,NA,25291.1184210526,"Time of Sample Trajectory"
"557",435,NA,25315.7894736842,"Time of Sample Trajectory"
"558",427,NA,25340.4605263158,"Time of Sample Trajectory"
"559",420,NA,25365.1315789474,"Time of Sample Trajectory"
"560",425,NA,25389.8026315789,"Time of Sample Trajectory"
"561",427,NA,25414.4736842105,"Time of Sample Trajectory"
"562",408,NA,25439.1447368421,"Time of Sample Trajectory"
"563",417,NA,25463.8157894737,"Time of Sample Trajectory"
"564",417,NA,25488.4868421053,"Time of Sample Trajectory"
"565",413,NA,25513.1578947368,"Time of Sample Trajectory"
"566",416,NA,25537.8289473684,"Time of Sample Trajectory"
"567",409,NA,25562.5,"Time of Sample Trajectory"
"568",399,NA,25587.1710526316,"Time of Sample Trajectory"
"569",384,NA,25611.8421052632,"Time of Sample Trajectory"
"570",375,NA,25636.5131578947,"Time of Sample Trajectory"
"571",380,NA,25661.1842105263,"Time of Sample Trajectory"
"572",375,NA,25685.8552631579,"Time of Sample Trajectory"
"573",376,NA,25710.5263157895,"Time of Sample Trajectory"
"574",371,NA,25735.1973684211,"Time of Sample Trajectory"
"575",371,NA,25759.8684210526,"Time of Sample Trajectory"
"576",382,NA,25784.5394736842,"Time of Sample Trajectory"
"577",379,NA,25809.2105263158,"Time of Sample Trajectory"
"578",372,NA,25833.8815789474,"Time of Sample Trajectory"
"579",366,NA,25858.5526315789,"Time of Sample Trajectory"
"580",378,NA,25883.2236842105,"Time of Sample Trajectory"
"581",388,NA,25907.8947368421,"Time of Sample Trajectory"
"582",388,NA,25932.5657894737,"Time of Sample Trajectory"
"583",389,NA,25957.2368421053,"Time of Sample Trajectory"
"584",380,NA,25981.9078947368,"Time of Sample Trajectory"
"585",405,NA,26006.5789473684,"Time of Sample Trajectory"
"586",397,NA,26031.25,"Time of Sample Trajectory"
"587",389,NA,26055.9210526316,"Time of Sample Trajectory"
"588",401,NA,26080.5921052632,"Time of Sample Trajectory"
"589",399,NA,26105.2631578947,"Time of Sample Trajectory"
"590",400,NA,26129.9342105263,"Time of Sample Trajectory"
"591",405,NA,26154.6052631579,"Time of Sample Trajectory"
"592",396,NA,26179.2763157895,"Time of Sample Trajectory"
"593",397,NA,26203.9473684211,"Time of Sample Trajectory"
"594",402,NA,26228.6184210526,"Time of Sample Trajectory"
"595",400,NA,26253.2894736842,"Time of Sample Trajectory"
"596",404,NA,26277.9605263158,"Time of Sample Trajectory"
"597",402,NA,26302.6315789474,"Time of Sample Trajectory"
"598",393,NA,26327.3026315789,"Time of Sample Trajectory"
"599",387,NA,26351.9736842105,"Time of Sample Trajectory"
"600",401,NA,26376.6447368421,"Time of Sample Trajectory"
"601",387,NA,26401.3157894737,"Time of Sample Trajectory"
"602",376,NA,26425.9868421053,"Time of Sample Trajectory"
"603",358,NA,26450.6578947368,"Time of Sample Trajectory"
"604",338,NA,26475.3289473684,"Time of Sample Trajectory"
"605",334,NA,26500,"Time of Sample Trajectory"
"606",337,NA,26524.6710526316,"Time of Sample Trajectory"
"607",338,NA,26549.3421052632,"Time of Sample Trajectory"
"608",357,NA,26574.0131578947,"Time of Sample Trajectory"
"609",350,NA,26598.6842105263,"Time of Sample Trajectory"
"610",337,NA,26623.3552631579,"Time of Sample Trajectory"
"611",341,NA,26648.0263157895,"Time of Sample Trajectory"
"612",343,NA,26672.6973684211,"Time of Sample Trajectory"
"613",354,NA,26697.3684210526,"Time of Sample Trajectory"
"614",350,NA,26722.0394736842,"Time of Sample Trajectory"
"615",359,NA,26746.7105263158,"Time of Sample Trajectory"
"616",351,NA,26771.3815789474,"Time of Sample Trajectory"
"617",352,NA,26796.0526315789,"Time of Sample Trajectory"
"618",358,NA,26820.7236842105,"Time of Sample Trajectory"
"619",364,NA,26845.3947368421,"Time of Sample Trajectory"
"620",381,NA,26870.0657894737,"Time of Sample Trajectory"
"621",391,NA,26894.7368421053,"Time of Sample Trajectory"
"622",386,NA,26919.4078947368,"Time of Sample Trajectory"
"623",373,NA,26944.0789473684,"Time of Sample Trajectory"
"624",389,NA,26968.75,"Time of Sample Trajectory"
"625",390,NA,26993.4210526316,"Time of Sample Trajectory"
"626",397,NA,27018.0921052632,"Time of Sample Trajectory"
"627",381,NA,27042.7631578947,"Time of Sample Trajectory"
"628",378,NA,27067.4342105263,"Time of Sample Trajectory"
"629",382,NA,27092.1052631579,"Time of Sample Trajectory"
"630",387,NA,27116.7763157895,"Time of Sample Trajectory"
"631",388,NA,27141.4473684211,"Time of Sample Trajectory"
"632",387,NA,27166.1184210526,"Time of Sample Trajectory"
"633",385,NA,27190.7894736842,"Time of Sample Trajectory"
"634",404,NA,27215.4605263158,"Time of Sample Trajectory"
"635",400,NA,27240.1315789474,"Time of Sample Trajectory"
"636",399,NA,27264.8026315789,"Time of Sample Trajectory"
"637",391,NA,27289.4736842105,"Time of Sample Trajectory"
"638",397,NA,27314.1447368421,"Time of Sample Trajectory"
"639",387,NA,27338.8157894737,"Time of Sample Trajectory"
"640",387,NA,27363.4868421053,"Time of Sample Trajectory"
"641",385,NA,27388.1578947368,"Time of Sample Trajectory"
"642",386,NA,27412.8289473684,"Time of Sample Trajectory"
"643",401,NA,27437.5,"Time of Sample Trajectory"
"644",398,NA,27462.1710526316,"Time of Sample Trajectory"
"645",407,NA,27486.8421052632,"Time of Sample Trajectory"
"646",419,NA,27511.5131578947,"Time of Sample Trajectory"
"647",416,NA,27536.1842105263,"Time of Sample Trajectory"
"648",426,NA,27560.8552631579,"Time of Sample Trajectory"
"649",409,NA,27585.5263157895,"Time of Sample Trajectory"
"650",421,NA,27610.1973684211,"Time of Sample Trajectory"
"651",420,NA,27634.8684210526,"Time of Sample Trajectory"
"652",387,NA,27659.5394736842,"Time of Sample Trajectory"
"653",408,NA,27684.2105263158,"Time of Sample Trajectory"
"654",410,NA,27708.8815789474,"Time of Sample Trajectory"
"655",427,NA,27733.5526315789,"Time of Sample Trajectory"
"656",439,NA,27758.2236842105,"Time of Sample Trajectory"
"657",441,NA,27782.8947368421,"Time of Sample Trajectory"
"658",446,NA,27807.5657894737,"Time of Sample Trajectory"
"659",441,NA,27832.2368421053,"Time of Sample Trajectory"
"660",437,NA,27856.9078947368,"Time of Sample Trajectory"
"661",443,NA,27881.5789473684,"Time of Sample Trajectory"
"662",444,NA,27906.25,"Time of Sample Trajectory"
"663",438,NA,27930.9210526316,"Time of Sample Trajectory"
"664",415,NA,27955.5921052632,"Time of Sample Trajectory"
"665",410,NA,27980.2631578947,"Time of Sample Trajectory"
"666",397,NA,28004.9342105263,"Time of Sample Trajectory"
"667",387,NA,28029.6052631579,"Time of Sample Trajectory"
"668",376,NA,28054.2763157895,"Time of Sample Trajectory"
"669",376,NA,28078.9473684211,"Time of Sample Trajectory"
"670",378,NA,28103.6184210526,"Time of Sample Trajectory"
"671",369,NA,28128.2894736842,"Time of Sample Trajectory"
"672",364,NA,28152.9605263158,"Time of Sample Trajectory"
"673",362,NA,28177.6315789474,"Time of Sample Trajectory"
"674",372,NA,28202.3026315789,"Time of Sample Trajectory"
"675",380,NA,28226.9736842105,"Time of Sample Trajectory"
"676",399,NA,28251.6447368421,"Time of Sample Trajectory"
"677",402,NA,28276.3157894737,"Time of Sample Trajectory"
"678",400,NA,28300.9868421053,"Time of Sample Trajectory"
"679",393,NA,28325.6578947368,"Time of Sample Trajectory"
"680",378,NA,28350.3289473684,"Time of Sample Trajectory"
"681",402,NA,28375,"Time of Sample Trajectory"
"682",401,NA,28399.6710526316,"Time of Sample Trajectory"
"683",400,NA,28424.3421052632,"Time of Sample Trajectory"
"684",383,NA,28449.0131578947,"Time of Sample Trajectory"
"685",392,NA,28473.6842105263,"Time of Sample Trajectory"
"686",394,NA,28498.3552631579,"Time of Sample Trajectory"
"687",391,NA,28523.0263157895,"Time of Sample Trajectory"
"688",394,NA,28547.6973684211,"Time of Sample Trajectory"
"689",397,NA,28572.3684210526,"Time of Sample Trajectory"
"690",411,NA,28597.0394736842,"Time of Sample Trajectory"
"691",418,NA,28621.7105263158,"Time of Sample Trajectory"
"692",417,NA,28646.3815789474,"Time of Sample Trajectory"
"693",425,NA,28671.0526315789,"Time of Sample Trajectory"
"694",430,NA,28695.7236842105,"Time of Sample Trajectory"
"695",427,NA,28720.3947368421,"Time of Sample Trajectory"
"696",430,NA,28745.0657894737,"Time of Sample Trajectory"
"697",413,NA,28769.7368421053,"Time of Sample Trajectory"
"698",415,NA,28794.4078947368,"Time of Sample Trajectory"
"699",414,NA,28819.0789473684,"Time of Sample Trajectory"
"700",415,NA,28843.75,"Time of Sample Trajectory"
"701",432,NA,28868.4210526316,"Time of Sample Trajectory"
"702",423,NA,28893.0921052632,"Time of Sample Trajectory"
"703",419,NA,28917.7631578947,"Time of Sample Trajectory"
"704",436,NA,28942.4342105263,"Time of Sample Trajectory"
"705",446,NA,28967.1052631579,"Time of Sample Trajectory"
"706",429,NA,28991.7763157895,"Time of Sample Trajectory"
"707",447,NA,29016.4473684211,"Time of Sample Trajectory"
"708",438,NA,29041.1184210526,"Time of Sample Trajectory"
"709",429,NA,29065.7894736842,"Time of Sample Trajectory"
"710",419,NA,29090.4605263158,"Time of Sample Trajectory"
"711",407,NA,29115.1315789474,"Time of Sample Trajectory"
"712",408,NA,29139.8026315789,"Time of Sample Trajectory"
"713",407,NA,29164.4736842105,"Time of Sample Trajectory"
"714",415,NA,29189.1447368421,"Time of Sample Trajectory"
"715",419,NA,29213.8157894737,"Time of Sample Trajectory"
"716",417,NA,29238.4868421053,"Time of Sample Trajectory"
"717",414,NA,29263.1578947368,"Time of Sample Trajectory"
"718",422,NA,29287.8289473684,"Time of Sample Trajectory"
"719",432,NA,29312.5,"Time of Sample Trajectory"
"720",436,NA,29337.1710526316,"Time of Sample Trajectory"
"721",435,NA,29361.8421052632,"Time of Sample Trajectory"
"722",430,NA,29386.5131578947,"Time of Sample Trajectory"
"723",430,NA,29411.1842105263,"Time of Sample Trajectory"
"724",419,NA,29435.8552631579,"Time of Sample Trajectory"
"725",411,NA,29460.5263157895,"Time of Sample Trajectory"
"726",407,NA,29485.1973684211,"Time of Sample Trajectory"
"727",404,NA,29509.8684210526,"Time of Sample Trajectory"
"728",389,NA,29534.5394736842,"Time of Sample Trajectory"
"729",397,NA,29559.2105263158,"Time of Sample Trajectory"
"730",400,NA,29583.8815789474,"Time of Sample Trajectory"
"731",424,NA,29608.5526315789,"Time of Sample Trajectory"
"732",421,NA,29633.2236842105,"Time of Sample Trajectory"
"733",417,NA,29657.8947368421,"Time of Sample Trajectory"
"734",419,NA,29682.5657894737,"Time of Sample Trajectory"
"735",418,NA,29707.2368421053,"Time of Sample Trajectory"
"736",419,NA,29731.9078947368,"Time of Sample Trajectory"
"737",434,NA,29756.5789473684,"Time of Sample Trajectory"
"738",426,NA,29781.25,"Time of Sample Trajectory"
"739",416,NA,29805.9210526316,"Time of Sample Trajectory"
"740",406,NA,29830.5921052632,"Time of Sample Trajectory"
"741",409,NA,29855.2631578947,"Time of Sample Trajectory"
"742",403,NA,29879.9342105263,"Time of Sample Trajectory"
"743",394,NA,29904.6052631579,"Time of Sample Trajectory"
"744",391,NA,29929.2763157895,"Time of Sample Trajectory"
"745",393,NA,29953.9473684211,"Time of Sample Trajectory"
"746",390,NA,29978.6184210526,"Time of Sample Trajectory"
"747",385,NA,30003.2894736842,"Time of Sample Trajectory"
"748",372,NA,30027.9605263158,"Time of Sample Trajectory"
"749",377,NA,30052.6315789474,"Time of Sample Trajectory"
"750",373,NA,30077.3026315789,"Time of Sample Trajectory"
"751",362,NA,30101.9736842105,"Time of Sample Trajectory"
"752",372,NA,30126.6447368421,"Time of Sample Trajectory"
"753",376,NA,30151.3157894737,"Time of Sample Trajectory"
"754",373,NA,30175.9868421053,"Time of Sample Trajectory"
"755",369,NA,30200.6578947368,"Time of Sample Trajectory"
"756",368,NA,30225.3289473684,"Time of Sample Trajectory"
"757",359,NA,30250,"Time of Sample Trajectory"
"758",354,NA,30274.6710526316,"Time of Sample Trajectory"
"759",362,NA,30299.3421052632,"Time of Sample Trajectory"
"760",362,NA,30324.0131578947,"Time of Sample Trajectory"
"761",361,NA,30348.6842105263,"Time of Sample Trajectory"
"762",350,NA,30373.3552631579,"Time of Sample Trajectory"
"763",351,NA,30398.0263157895,"Time of Sample Trajectory"
"764",352,NA,30422.6973684211,"Time of Sample Trajectory"
"765",350,NA,30447.3684210526,"Time of Sample Trajectory"
"766",342,NA,30472.0394736842,"Time of Sample Trajectory"
"767",326,NA,30496.7105263158,"Time of Sample Trajectory"
"768",334,NA,30521.3815789474,"Time of Sample Trajectory"
"769",336,NA,30546.0526315789,"Time of Sample Trajectory"
"770",336,NA,30570.7236842105,"Time of Sample Trajectory"
"771",329,NA,30595.3947368421,"Time of Sample Trajectory"
"772",331,NA,30620.0657894737,"Time of Sample Trajectory"
"773",344,NA,30644.7368421053,"Time of Sample Trajectory"
"774",345,NA,30669.4078947368,"Time of Sample Trajectory"
"775",349,NA,30694.0789473684,"Time of Sample Trajectory"
"776",340,NA,30718.75,"Time of Sample Trajectory"
"777",337,NA,30743.4210526316,"Time of Sample Trajectory"
"778",343,NA,30768.0921052632,"Time of Sample Trajectory"
"779",356,NA,30792.7631578947,"Time of Sample Trajectory"
"780",350,NA,30817.4342105263,"Time of Sample Trajectory"
"781",332,NA,30842.1052631579,"Time of Sample Trajectory"
"782",344,NA,30866.7763157895,"Time of Sample Trajectory"
"783",347,NA,30891.4473684211,"Time of Sample Trajectory"
"784",336,NA,30916.1184210526,"Time of Sample Trajectory"
"785",334,NA,30940.7894736842,"Time of Sample Trajectory"
"786",345,NA,30965.4605263158,"Time of Sample Trajectory"
"787",351,NA,30990.1315789474,"Time of Sample Trajectory"
"788",340,NA,31014.8026315789,"Time of Sample Trajectory"
"789",338,NA,31039.4736842105,"Time of Sample Trajectory"
"790",353,NA,31064.1447368421,"Time of Sample Trajectory"
"791",357,NA,31088.8157894737,"Time of Sample Trajectory"
"792",355,NA,31113.4868421053,"Time of Sample Trajectory"
"793",355,NA,31138.1578947368,"Time of Sample Trajectory"
"794",336,NA,31162.8289473684,"Time of Sample Trajectory"
"795",332,NA,31187.5,"Time of Sample Trajectory"
"796",327,NA,31212.1710526316,"Time of Sample Trajectory"
"797",333,NA,31236.8421052632,"Time of Sample Trajectory"
"798",343,NA,31261.5131578947,"Time of Sample Trajectory"
"799",351,NA,31286.1842105263,"Time of Sample Trajectory"
"800",368,NA,31310.8552631579,"Time of Sample Trajectory"
"801",361,NA,31335.5263157895,"Time of Sample Trajectory"
"802",367,NA,31360.1973684211,"Time of Sample Trajectory"
"803",366,NA,31384.8684210526,"Time of Sample Trajectory"
"804",356,NA,31409.5394736842,"Time of Sample Trajectory"
"805",346,NA,31434.2105263158,"Time of Sample Trajectory"
"806",339,NA,31458.8815789474,"Time of Sample Trajectory"
"807",341,NA,31483.5526315789,"Time of Sample Trajectory"
"808",350,NA,31508.2236842105,"Time of Sample Trajectory"
"809",359,NA,31532.8947368421,"Time of Sample Trajectory"
"810",362,NA,31557.5657894737,"Time of Sample Trajectory"
"811",365,NA,31582.2368421053,"Time of Sample Trajectory"
"812",367,NA,31606.9078947368,"Time of Sample Trajectory"
"813",366,NA,31631.5789473684,"Time of Sample Trajectory"
"814",361,NA,31656.25,"Time of Sample Trajectory"
"815",352,NA,31680.9210526316,"Time of Sample Trajectory"
"816",347,NA,31705.5921052632,"Time of Sample Trajectory"
"817",350,NA,31730.2631578947,"Time of Sample Trajectory"
"818",360,NA,31754.9342105263,"Time of Sample Trajectory"
"819",367,NA,31779.6052631579,"Time of Sample Trajectory"
"820",360,NA,31804.2763157895,"Time of Sample Trajectory"
"821",374,NA,31828.9473684211,"Time of Sample Trajectory"
"822",377,NA,31853.6184210526,"Time of Sample Trajectory"
"823",368,NA,31878.2894736842,"Time of Sample Trajectory"
"824",362,NA,31902.9605263158,"Time of Sample Trajectory"
"825",363,NA,31927.6315789474,"Time of Sample Trajectory"
"826",375,NA,31952.3026315789,"Time of Sample Trajectory"
"827",359,NA,31976.9736842105,"Time of Sample Trajectory"
"828",358,NA,32001.6447368421,"Time of Sample Trajectory"
"829",364,NA,32026.3157894737,"Time of Sample Trajectory"
"830",369,NA,32050.9868421053,"Time of Sample Trajectory"
"831",363,NA,32075.6578947368,"Time of Sample Trajectory"
"832",352,NA,32100.3289473684,"Time of Sample Trajectory"
"833",335,NA,32125,"Time of Sample Trajectory"
"834",330,NA,32149.6710526316,"Time of Sample Trajectory"
"835",313,NA,32174.3421052632,"Time of Sample Trajectory"
"836",313,NA,32199.0131578947,"Time of Sample Trajectory"
"837",322,NA,32223.6842105263,"Time of Sample Trajectory"
"838",328,NA,32248.3552631579,"Time of Sample Trajectory"
"839",317,NA,32273.0263157895,"Time of Sample Trajectory"
"840",318,NA,32297.6973684211,"Time of Sample Trajectory"
"841",313,NA,32322.3684210526,"Time of Sample Trajectory"
"842",300,NA,32347.0394736842,"Time of Sample Trajectory"
"843",298,NA,32371.7105263158,"Time of Sample Trajectory"
"844",299,NA,32396.3815789474,"Time of Sample Trajectory"
"845",305,NA,32421.0526315789,"Time of Sample Trajectory"
"846",294,NA,32445.7236842105,"Time of Sample Trajectory"
"847",290,NA,32470.3947368421,"Time of Sample Trajectory"
"848",300,NA,32495.0657894737,"Time of Sample Trajectory"
"849",313,NA,32519.7368421053,"Time of Sample Trajectory"
"850",315,NA,32544.4078947368,"Time of Sample Trajectory"
"851",314,NA,32569.0789473684,"Time of Sample Trajectory"
"852",321,NA,32593.75,"Time of Sample Trajectory"
"853",321,NA,32618.4210526316,"Time of Sample Trajectory"
"854",316,NA,32643.0921052632,"Time of Sample Trajectory"
"855",298,NA,32667.7631578947,"Time of Sample Trajectory"
"856",287,NA,32692.4342105263,"Time of Sample Trajectory"
"857",288,NA,32717.1052631579,"Time of Sample Trajectory"
"858",280,NA,32741.7763157895,"Time of Sample Trajectory"
"859",290,NA,32766.4473684211,"Time of Sample Trajectory"
"860",276,NA,32791.1184210526,"Time of Sample Trajectory"
"861",282,NA,32815.7894736842,"Time of Sample Trajectory"
"862",286,NA,32840.4605263158,"Time of Sample Trajectory"
"863",276,NA,32865.1315789474,"Time of Sample Trajectory"
"864",290,NA,32889.8026315789,"Time of Sample Trajectory"
"865",272,NA,32914.4736842105,"Time of Sample Trajectory"
"866",258,NA,32939.1447368421,"Time of Sample Trajectory"
"867",257,NA,32963.8157894737,"Time of Sample Trajectory"
"868",268,NA,32988.4868421053,"Time of Sample Trajectory"
"869",270,NA,33013.1578947368,"Time of Sample Trajectory"
"870",265,NA,33037.8289473684,"Time of Sample Trajectory"
"871",275,NA,33062.5,"Time of Sample Trajectory"
"872",282,NA,33087.1710526316,"Time of Sample Trajectory"
"873",285,NA,33111.8421052632,"Time of Sample Trajectory"
"874",278,NA,33136.5131578947,"Time of Sample Trajectory"
"875",287,NA,33161.1842105263,"Time of Sample Trajectory"
"876",293,NA,33185.8552631579,"Time of Sample Trajectory"
"877",288,NA,33210.5263157895,"Time of Sample Trajectory"
"878",307,NA,33235.1973684211,"Time of Sample Trajectory"
"879",294,NA,33259.8684210526,"Time of Sample Trajectory"
"880",288,NA,33284.5394736842,"Time of Sample Trajectory"
"881",274,NA,33309.2105263158,"Time of Sample Trajectory"
"882",273,NA,33333.8815789474,"Time of Sample Trajectory"
"883",266,NA,33358.5526315789,"Time of Sample Trajectory"
"884",258,NA,33383.2236842105,"Time of Sample Trajectory"
"885",252,NA,33407.8947368421,"Time of Sample Trajectory"
"886",251,NA,33432.5657894737,"Time of Sample Trajectory"
"887",246,NA,33457.2368421053,"Time of Sample Trajectory"
"888",235,NA,33481.9078947368,"Time of Sample Trajectory"
"889",228,NA,33506.5789473684,"Time of Sample Trajectory"
"890",232,NA,33531.25,"Time of Sample Trajectory"
"891",214,NA,33555.9210526316,"Time of Sample Trajectory"
"892",200,NA,33580.5921052632,"Time of Sample Trajectory"
"893",199,NA,33605.2631578947,"Time of Sample Trajectory"
"894",188,NA,33629.9342105263,"Time of Sample Trajectory"
"895",187,NA,33654.6052631579,"Time of Sample Trajectory"
"896",184,NA,33679.2763157895,"Time of Sample Trajectory"
"897",189,NA,33703.9473684211,"Time of Sample Trajectory"
"898",186,NA,33728.6184210526,"Time of Sample Trajectory"
"899",184,NA,33753.2894736842,"Time of Sample Trajectory"
"900",181,NA,33777.9605263158,"Time of Sample Trajectory"
"901",175,NA,33802.6315789474,"Time of Sample Trajectory"
"902",156,NA,33827.3026315789,"Time of Sample Trajectory"
"903",145,NA,33851.9736842105,"Time of Sample Trajectory"
"904",124,NA,33876.6447368421,"Time of Sample Trajectory"
"905",91,NA,33901.3157894737,"Time of Sample Trajectory"
"906",74,NA,33925.9868421053,"Time of Sample Trajectory"
"907",56,NA,33950.6578947368,"Time of Sample Trajectory"
"908",34,NA,33975.3289473684,"Time of Sample Trajectory"
"909",22,NA,34000,"Time of Sample Trajectory"
